star,species,elem,N,ul,e_stat_w_old,e_stat_w_new,e_Teff_w,e_logg_w,e_vt_w,e_MH_w,[X/H],e_XH_old,e_XH_new,[X/Fe],e_XFe_old,e_XFe_new
wukong10_163246133_lesspayne_norm_EQW_params_synt,11.0,NaI,4,0,0.068,0.114,0.084,-0.057,-0.009,-0.008,-1.904,0.123,0.153,0.089,0.18,0.203
wukong10_163246133_lesspayne_norm_EQW_params_synt,12.0,MgI,6,0,0.089,0.124,0.104,-0.094,-0.02,-0.005,-1.592,0.167,0.188,0.401,0.191,0.21
wukong10_163246133_lesspayne_norm_EQW_params_synt,13.0,AlI,1,0,0.0,0.454,0.209,-0.258,-0.03,0.022,-2.287,0.334,0.564,-0.294,0.282,0.535
wukong10_163246133_lesspayne_norm_EQW_params_synt,14.0,SiI,5,0,0.198,0.21,0.062,0.003,-0.01,0.002,-1.411,0.208,0.219,0.582,0.267,0.277
wukong10_163246133_lesspayne_norm_EQW_params_synt,19.0,KI,2,0,0.603,0.624,0.135,-0.113,-0.041,-0.017,-0.791,0.63,0.65,1.202,0.628,0.648
wukong10_163246133_lesspayne_norm_EQW_params_synt,20.0,CaI,22,0,0.111,0.117,0.095,-0.054,-0.031,-0.017,-1.579,0.159,0.164,0.414,0.195,0.2
wukong10_163246133_lesspayne_norm_EQW_params_synt,21.1,ScII,8,0,0.232,0.259,-0.003,0.171,-0.064,0.012,-1.66,0.295,0.317,0.334,0.377,0.395
wukong10_163246133_lesspayne_norm_EQW_params_synt,22.0,TiI,46,0,0.17,0.172,0.136,-0.034,-0.021,-0.021,-1.73,0.222,0.224,0.263,0.232,0.235
wukong10_163246133_lesspayne_norm_EQW_params_synt,22.1,TiII,58,0,0.205,0.207,0.029,0.159,-0.046,0.041,-1.431,0.268,0.27,0.562,0.347,0.349
wukong10_163246133_lesspayne_norm_EQW_params_synt,23.0,VI,2,0,0.073,0.151,0.112,0.03,0.003,-0.065,-2.199,0.151,0.201,-0.206,0.198,0.239
wukong10_163246133_lesspayne_norm_EQW_params_synt,23.1,VII,2,0,0.099,0.194,-0.02,0.185,-0.011,0.032,-1.859,0.214,0.271,0.135,0.334,0.373
wukong10_163246133_lesspayne_norm_EQW_params_synt,24.0,CrI,15,0,0.127,0.137,0.141,-0.037,-0.031,-0.024,-2.108,0.198,0.204,-0.115,0.203,0.21
wukong10_163246133_lesspayne_norm_EQW_params_synt,24.1,CrII,5,0,0.052,0.113,-0.024,0.189,-0.012,0.026,-1.931,0.199,0.223,0.062,0.326,0.342
wukong10_163246133_lesspayne_norm_EQW_params_synt,25.0,MnI,6,0,0.043,0.108,0.097,-0.03,-0.001,-0.014,-2.469,0.111,0.149,-0.476,0.171,0.198
wukong10_163246133_lesspayne_norm_EQW_params_synt,26.0,FeI,129,0,0.157,0.158,0.127,-0.042,-0.041,-0.02,-1.993,0.211,0.212,0.0,0.0,0.0
wukong10_163246133_lesspayne_norm_EQW_params_synt,26.1,FeII,24,0,0.093,0.104,-0.009,0.189,-0.034,0.039,-1.924,0.217,0.222,0.069,0.329,0.333
wukong10_163246133_lesspayne_norm_EQW_params_synt,27.0,CoI,4,0,0.269,0.284,0.119,0.001,-0.02,-0.022,-1.883,0.295,0.309,0.111,0.315,0.329
wukong10_163246133_lesspayne_norm_EQW_params_synt,28.0,NiI,23,0,0.132,0.137,0.105,-0.003,-0.015,-0.009,-2.036,0.17,0.174,-0.043,0.212,0.216
wukong10_163246133_lesspayne_norm_EQW_params_synt,30.0,ZnI,2,0,0.061,0.131,0.021,0.119,-0.014,0.024,-1.91,0.139,0.18,0.083,0.261,0.286
wukong10_163246133_lesspayne_norm_EQW_params_synt,38.1,SrII,2,0,0.067,0.146,0.085,0.04,-0.037,0.055,-1.97,0.133,0.186,0.023,0.208,0.246
wukong10_163246133_lesspayne_norm_EQW_params_synt,39.1,YII,3,0,0.021,0.141,0.023,0.194,-0.021,0.047,-2.136,0.203,0.246,-0.143,0.31,0.341
wukong10_163246133_lesspayne_norm_EQW_params_synt,40.1,ZrII,1,0,0.0,0.274,-0.011,0.241,-0.018,0.011,-1.832,0.243,0.366,0.161,0.354,0.448
wukong10_163246133_lesspayne_norm_EQW_params_synt,56.1,BaII,4,0,0.104,0.176,0.054,0.139,-0.07,0.045,-1.898,0.2,0.245,0.096,0.281,0.315
wukong10_163246133_lesspayne_norm_EQW_params_synt,57.1,LaII,6,0,0.058,0.11,0.031,0.177,-0.003,0.05,-1.837,0.196,0.217,0.156,0.303,0.317
wukong10_163246133_lesspayne_norm_EQW_params_synt,63.1,EuII,3,0,0.085,0.159,0.047,0.188,-0.001,0.048,-1.654,0.217,0.255,0.339,0.312,0.34
wukong10_163246133_lesspayne_norm_EQW_params_synt,66.1,DyII,1,0,0.0,0.279,0.0,0.218,0.021,0.021,-1.561,0.22,0.355,0.432,0.337,0.438
wukong10_163246133_lesspayne_norm_EQW_params_synt,106.0,C-H,2,0,0.002,0.178,0.166,-0.087,0.005,0.133,-2.199,0.23,0.291,-0.206,0.232,0.293
wukong10_163246133_lesspayne_norm_EQW_params_synt,607.0,C-N,1,0,0.0,0.401,0.227,-0.052,-0.0,0.126,-1.6,0.265,0.481,0.393,0.24,0.468
wukong10_163246133_lesspayne_norm_EQW_params_synt,8.0,OI,1,1,,,,,,,-1.007,,,0.986,,
wukong11_164130340_lesspayne_norm_EQW_params_synt,11.0,NaI,4,0,0.132,0.159,0.082,-0.056,-0.01,-0.01,-1.8,0.166,0.188,0.57,0.199,0.219
wukong11_164130340_lesspayne_norm_EQW_params_synt,12.0,MgI,6,0,0.094,0.121,0.095,-0.076,-0.023,-0.013,-1.894,0.156,0.174,0.476,0.176,0.192
wukong11_164130340_lesspayne_norm_EQW_params_synt,13.0,AlI,1,0,0.0,0.421,0.156,-0.209,-0.069,-0.023,-2.648,0.271,0.501,-0.278,0.226,0.478
wukong11_164130340_lesspayne_norm_EQW_params_synt,14.0,SiI,4,0,0.114,0.14,0.073,-0.02,-0.01,-0.009,-1.636,0.138,0.16,0.734,0.191,0.208
wukong11_164130340_lesspayne_norm_EQW_params_synt,19.0,KI,1,0,0.0,0.16,0.114,-0.027,-0.03,-0.02,-1.555,0.123,0.202,0.815,0.142,0.215
wukong11_164130340_lesspayne_norm_EQW_params_synt,20.0,CaI,23,0,0.139,0.143,0.085,-0.036,-0.021,-0.013,-1.95,0.169,0.172,0.42,0.202,0.206
wukong11_164130340_lesspayne_norm_EQW_params_synt,21.1,ScII,8,0,0.185,0.215,0.01,0.19,-0.047,0.011,-2.219,0.27,0.291,0.15,0.348,0.365
wukong11_164130340_lesspayne_norm_EQW_params_synt,22.0,TiI,40,0,0.162,0.165,0.139,-0.045,-0.014,-0.015,-2.178,0.219,0.221,0.192,0.216,0.219
wukong11_164130340_lesspayne_norm_EQW_params_synt,22.1,TiII,54,0,0.135,0.138,0.037,0.169,-0.034,0.028,-1.953,0.224,0.226,0.416,0.302,0.304
wukong11_164130340_lesspayne_norm_EQW_params_synt,23.0,VI,2,0,0.036,0.123,0.112,0.015,-0.002,-0.033,-2.461,0.123,0.17,-0.091,0.159,0.199
wukong11_164130340_lesspayne_norm_EQW_params_synt,23.1,VII,2,0,0.072,0.189,-0.011,0.193,-0.013,0.02,-2.098,0.207,0.271,0.272,0.315,0.361
wukong11_164130340_lesspayne_norm_EQW_params_synt,24.0,CrI,15,0,0.13,0.139,0.137,-0.045,-0.015,-0.015,-2.578,0.196,0.201,-0.208,0.193,0.2
wukong11_164130340_lesspayne_norm_EQW_params_synt,24.1,CrII,3,0,0.034,0.131,-0.015,0.187,-0.009,0.021,-2.371,0.192,0.23,-0.001,0.307,0.332
wukong11_164130340_lesspayne_norm_EQW_params_synt,25.0,MnI,6,0,0.03,0.105,0.096,-0.056,-0.005,-0.013,-2.775,0.116,0.154,-0.405,0.15,0.181
wukong11_164130340_lesspayne_norm_EQW_params_synt,26.0,FeI,132,0,0.141,0.142,0.124,-0.04,-0.03,-0.019,-2.37,0.195,0.196,0.0,0.0,0.0
wukong11_164130340_lesspayne_norm_EQW_params_synt,26.1,FeII,24,0,0.113,0.122,0.002,0.187,-0.024,0.028,-2.334,0.222,0.226,0.035,0.318,0.322
wukong11_164130340_lesspayne_norm_EQW_params_synt,27.0,CoI,4,0,0.125,0.163,0.142,-0.034,-0.019,-0.019,-2.282,0.194,0.22,0.088,0.19,0.217
wukong11_164130340_lesspayne_norm_EQW_params_synt,28.0,NiI,21,0,0.133,0.138,0.112,-0.022,-0.01,-0.009,-2.345,0.176,0.18,0.025,0.196,0.2
wukong11_164130340_lesspayne_norm_EQW_params_synt,30.0,ZnI,2,0,0.005,0.107,0.046,0.092,-0.005,0.015,-2.357,0.104,0.149,0.013,0.212,0.239
wukong11_164130340_lesspayne_norm_EQW_params_synt,38.1,SrII,2,0,0.1,0.19,0.107,0.124,-0.027,0.032,-2.227,0.197,0.254,0.143,0.244,0.293
wukong11_164130340_lesspayne_norm_EQW_params_synt,39.1,YII,3,0,0.056,0.141,0.038,0.179,-0.011,0.032,-2.593,0.194,0.233,-0.223,0.285,0.314
wukong11_164130340_lesspayne_norm_EQW_params_synt,40.1,ZrII,1,0,0.0,0.245,0.017,0.213,-0.01,0.023,-2.307,0.215,0.326,0.063,0.312,0.397
wukong11_164130340_lesspayne_norm_EQW_params_synt,56.1,BaII,4,0,0.072,0.16,0.05,0.15,-0.059,0.012,-2.526,0.184,0.233,-0.156,0.261,0.299
wukong11_164130340_lesspayne_norm_EQW_params_synt,57.1,LaII,5,0,0.134,0.169,0.041,0.167,0.001,0.037,-2.458,0.221,0.244,-0.088,0.303,0.32
wukong11_164130340_lesspayne_norm_EQW_params_synt,63.1,EuII,3,0,0.041,0.138,0.078,0.168,-0.007,0.033,-2.157,0.193,0.233,0.212,0.265,0.296
wukong11_164130340_lesspayne_norm_EQW_params_synt,66.1,DyII,1,0,0.0,0.25,0.015,0.206,0.001,0.033,-2.011,0.209,0.326,0.359,0.31,0.398
wukong11_164130340_lesspayne_norm_EQW_params_synt,106.0,C-H,2,0,0.036,0.205,0.207,-0.144,0.003,0.086,-2.733,0.269,0.336,-0.364,0.226,0.303
wukong11_164130340_lesspayne_norm_EQW_params_synt,607.0,C-N,1,0,0.0,0.432,0.278,-0.1,0.005,0.091,-1.726,0.309,0.531,0.644,0.246,0.497
wukong11_164130340_lesspayne_norm_EQW_params_synt,8.0,OI,1,1,,,,,,,-1.466,,,0.903,,
wukong12_165305481_lesspayne_norm_EQW_params_synt,11.0,NaI,2,0,0.048,0.198,0.16,-0.182,-0.044,-0.025,-1.945,0.252,0.317,0.172,0.225,0.296
wukong12_165305481_lesspayne_norm_EQW_params_synt,12.0,MgI,6,0,0.128,0.151,0.097,-0.08,-0.021,-0.015,-1.84,0.181,0.198,0.277,0.214,0.23
wukong12_165305481_lesspayne_norm_EQW_params_synt,13.0,AlI,1,0,0.0,0.444,0.176,-0.215,-0.044,0.011,-2.507,0.281,0.526,-0.39,0.248,0.509
wukong12_165305481_lesspayne_norm_EQW_params_synt,14.0,SiI,3,0,0.194,0.22,0.076,-0.033,-0.016,-0.006,-1.681,0.212,0.236,0.436,0.261,0.281
wukong12_165305481_lesspayne_norm_EQW_params_synt,20.0,CaI,23,0,0.109,0.114,0.089,-0.042,-0.025,-0.024,-1.821,0.151,0.155,0.296,0.201,0.204
wukong12_165305481_lesspayne_norm_EQW_params_synt,21.1,ScII,8,0,0.128,0.171,0.008,0.193,-0.044,0.027,-1.994,0.238,0.263,0.123,0.338,0.357
wukong12_165305481_lesspayne_norm_EQW_params_synt,22.0,TiI,36,0,0.155,0.158,0.139,-0.035,-0.017,-0.018,-1.963,0.212,0.215,0.154,0.227,0.23
wukong12_165305481_lesspayne_norm_EQW_params_synt,22.1,TiII,46,0,0.137,0.141,0.026,0.17,-0.038,0.051,-1.781,0.229,0.231,0.336,0.325,0.327
wukong12_165305481_lesspayne_norm_EQW_params_synt,23.0,VI,2,0,0.014,0.127,0.097,0.046,-0.003,-0.061,-2.262,0.124,0.177,-0.145,0.194,0.232
wukong12_165305481_lesspayne_norm_EQW_params_synt,23.1,VII,2,0,0.067,0.198,-0.013,0.201,0.005,0.036,-1.835,0.215,0.285,0.282,0.338,0.386
wukong12_165305481_lesspayne_norm_EQW_params_synt,24.0,CrI,15,0,0.078,0.093,0.14,-0.037,-0.022,-0.024,-2.243,0.167,0.175,-0.126,0.183,0.19
wukong12_165305481_lesspayne_norm_EQW_params_synt,24.1,CrII,5,0,0.188,0.213,-0.024,0.184,-0.009,0.034,-2.095,0.267,0.285,0.022,0.373,0.387
wukong12_165305481_lesspayne_norm_EQW_params_synt,25.0,MnI,6,0,0.094,0.136,0.094,-0.04,-0.003,-0.018,-2.55,0.14,0.171,-0.433,0.194,0.219
wukong12_165305481_lesspayne_norm_EQW_params_synt,26.0,FeI,132,0,0.164,0.165,0.126,-0.04,-0.036,-0.025,-2.117,0.215,0.216,0.0,0.0,0.0
wukong12_165305481_lesspayne_norm_EQW_params_synt,26.1,FeII,24,0,0.13,0.139,-0.01,0.183,-0.034,0.043,-2.033,0.231,0.236,0.084,0.342,0.346
wukong12_165305481_lesspayne_norm_EQW_params_synt,27.0,CoI,4,0,0.164,0.196,0.144,-0.019,-0.023,-0.025,-2.042,0.222,0.246,0.075,0.234,0.258
wukong12_165305481_lesspayne_norm_EQW_params_synt,28.0,NiI,21,0,0.163,0.167,0.11,-0.009,-0.013,-0.009,-2.149,0.197,0.201,-0.032,0.236,0.239
wukong12_165305481_lesspayne_norm_EQW_params_synt,30.0,ZnI,2,0,0.086,0.145,0.032,0.11,-0.01,0.03,-2.05,0.147,0.187,0.067,0.263,0.289
wukong12_165305481_lesspayne_norm_EQW_params_synt,38.1,SrII,1,0,0.0,0.178,0.082,0.028,-0.044,0.049,-2.059,0.109,0.209,0.058,0.197,0.266
wukong12_165305481_lesspayne_norm_EQW_params_synt,39.1,YII,3,0,0.128,0.193,0.021,0.191,-0.014,0.062,-2.343,0.239,0.28,-0.226,0.34,0.37
wukong12_165305481_lesspayne_norm_EQW_params_synt,40.1,ZrII,1,0,0.0,0.26,-0.024,0.224,-0.017,-0.016,-1.841,0.226,0.345,0.276,0.346,0.433
wukong12_165305481_lesspayne_norm_EQW_params_synt,56.1,BaII,4,0,0.073,0.161,0.054,0.141,-0.074,0.046,-2.07,0.189,0.237,0.047,0.277,0.312
wukong12_165305481_lesspayne_norm_EQW_params_synt,57.1,LaII,6,0,0.121,0.154,0.03,0.175,-0.001,0.071,-1.918,0.226,0.246,0.199,0.328,0.342
wukong12_165305481_lesspayne_norm_EQW_params_synt,63.1,EuII,3,0,0.026,0.134,0.043,0.173,-0.007,0.069,-1.571,0.193,0.234,0.546,0.299,0.327
wukong12_165305481_lesspayne_norm_EQW_params_synt,66.1,DyII,1,0,0.0,0.263,-0.0,0.207,-0.004,0.029,-1.416,0.209,0.336,0.701,0.328,0.421
wukong12_165305481_lesspayne_norm_EQW_params_synt,106.0,C-H,2,0,0.003,0.196,0.169,-0.118,-0.001,0.154,-2.302,0.257,0.323,-0.185,0.261,0.327
wukong12_165305481_lesspayne_norm_EQW_params_synt,607.0,C-N,1,0,0.0,0.417,0.232,-0.064,0.004,0.158,-1.716,0.288,0.507,0.401,0.272,0.498
wukong12_165305481_lesspayne_norm_EQW_params_synt,8.0,OI,1,1,,,,,,,-0.938,,,1.179,,
wukong13_166070607_lesspayne_norm_EQW_params_synt,11.0,NaI,3,0,0.231,0.259,0.092,-0.084,-0.01,-0.001,-1.879,0.262,0.288,0.017,0.279,0.303
wukong13_166070607_lesspayne_norm_EQW_params_synt,12.0,MgI,6,0,0.15,0.171,0.101,-0.089,-0.022,-0.003,-1.575,0.202,0.219,0.322,0.216,0.231
wukong13_166070607_lesspayne_norm_EQW_params_synt,13.0,AlI,1,0,0.0,0.429,0.174,-0.233,-0.032,0.025,-2.328,0.293,0.52,-0.432,0.249,0.497
wukong13_166070607_lesspayne_norm_EQW_params_synt,14.0,SiI,3,0,0.125,0.157,0.063,-0.025,-0.015,-0.007,-1.485,0.143,0.172,0.411,0.202,0.224
wukong13_166070607_lesspayne_norm_EQW_params_synt,19.0,KI,2,0,0.053,0.15,0.133,-0.077,-0.05,-0.027,-1.028,0.172,0.222,0.869,0.158,0.212
wukong13_166070607_lesspayne_norm_EQW_params_synt,20.0,CaI,22,0,0.087,0.094,0.095,-0.045,-0.027,-0.01,-1.597,0.14,0.144,0.299,0.17,0.175
wukong13_166070607_lesspayne_norm_EQW_params_synt,21.1,ScII,8,0,0.174,0.208,-0.015,0.189,-0.05,0.006,-1.668,0.263,0.286,0.228,0.35,0.368
wukong13_166070607_lesspayne_norm_EQW_params_synt,22.0,TiI,45,0,0.169,0.172,0.137,-0.027,-0.02,-0.011,-1.657,0.221,0.223,0.239,0.222,0.225
wukong13_166070607_lesspayne_norm_EQW_params_synt,22.1,TiII,50,0,0.135,0.138,0.014,0.17,-0.04,0.036,-1.424,0.224,0.226,0.473,0.31,0.313
wukong13_166070607_lesspayne_norm_EQW_params_synt,23.0,VI,2,0,0.011,0.129,0.106,0.043,-0.006,-0.055,-1.936,0.128,0.181,-0.04,0.173,0.216
wukong13_166070607_lesspayne_norm_EQW_params_synt,23.1,VII,2,0,0.061,0.177,-0.018,0.181,-0.013,0.021,-1.651,0.194,0.255,0.246,0.307,0.35
wukong13_166070607_lesspayne_norm_EQW_params_synt,24.0,CrI,16,0,0.123,0.132,0.143,-0.031,-0.029,-0.014,-1.981,0.194,0.2,-0.085,0.189,0.196
wukong13_166070607_lesspayne_norm_EQW_params_synt,24.1,CrII,5,0,0.129,0.164,-0.033,0.19,-0.013,0.022,-1.822,0.233,0.254,0.075,0.341,0.356
wukong13_166070607_lesspayne_norm_EQW_params_synt,25.0,MnI,6,0,0.054,0.113,0.104,-0.021,-0.003,-0.008,-2.271,0.119,0.155,-0.375,0.159,0.188
wukong13_166070607_lesspayne_norm_EQW_params_synt,26.0,FeI,126,0,0.142,0.143,0.128,-0.037,-0.039,-0.013,-1.896,0.199,0.2,0.0,0.0,0.0
wukong13_166070607_lesspayne_norm_EQW_params_synt,26.1,FeII,25,0,0.097,0.107,-0.02,0.189,-0.033,0.034,-1.851,0.218,0.223,0.045,0.323,0.327
wukong13_166070607_lesspayne_norm_EQW_params_synt,27.0,CoI,4,0,0.236,0.256,0.129,0.01,-0.02,-0.018,-1.755,0.271,0.288,0.141,0.28,0.298
wukong13_166070607_lesspayne_norm_EQW_params_synt,28.0,NiI,24,0,0.17,0.173,0.105,0.0,-0.014,-0.003,-1.93,0.2,0.203,-0.034,0.227,0.23
wukong13_166070607_lesspayne_norm_EQW_params_synt,30.0,ZnI,2,0,0.022,0.117,0.02,0.117,-0.013,0.023,-1.828,0.123,0.169,0.069,0.24,0.267
wukong13_166070607_lesspayne_norm_EQW_params_synt,38.0,SrI,1,0,0.0,0.19,0.127,-0.022,-0.004,-0.007,-2.299,0.129,0.23,-0.403,0.147,0.241
wukong13_166070607_lesspayne_norm_EQW_params_synt,38.1,SrII,2,0,0.086,0.14,0.067,0.027,-0.027,0.051,-1.81,0.126,0.168,0.086,0.199,0.228
wukong13_166070607_lesspayne_norm_EQW_params_synt,39.1,YII,3,0,0.032,0.144,0.012,0.199,-0.019,0.041,-2.024,0.207,0.25,-0.127,0.306,0.337
wukong13_166070607_lesspayne_norm_EQW_params_synt,40.1,ZrII,1,0,0.0,0.286,-0.008,0.255,-0.01,0.008,-1.674,0.256,0.383,0.223,0.354,0.455
wukong13_166070607_lesspayne_norm_EQW_params_synt,56.1,BaII,4,0,0.095,0.17,0.027,0.128,-0.072,0.023,-1.825,0.178,0.227,0.072,0.262,0.299
wukong13_166070607_lesspayne_norm_EQW_params_synt,57.1,LaII,6,0,0.081,0.124,0.018,0.17,-0.003,0.046,-1.776,0.195,0.216,0.12,0.294,0.309
wukong13_166070607_lesspayne_norm_EQW_params_synt,63.1,EuII,3,0,0.02,0.134,0.033,0.182,-0.008,0.041,-1.493,0.191,0.232,0.404,0.285,0.315
wukong13_166070607_lesspayne_norm_EQW_params_synt,66.1,DyII,1,0,0.0,0.325,-0.039,0.228,-0.005,0.004,-1.417,0.231,0.399,0.479,0.346,0.475
wukong13_166070607_lesspayne_norm_EQW_params_synt,106.0,C-H,2,0,0.002,0.159,0.132,-0.101,-0.002,0.112,-1.978,0.2,0.256,-0.082,0.203,0.259
wukong13_166070607_lesspayne_norm_EQW_params_synt,607.0,C-N,1,0,0.0,0.385,0.199,-0.064,0.002,0.117,-1.516,0.24,0.453,0.38,0.212,0.439
wukong13_166070607_lesspayne_norm_EQW_params_synt,8.0,OI,1,1,,,,,,,-0.315,,,1.581,,
wukong14_3696527104395430016_lesspayn,11.0,NaI,3,0,0.021,0.091,0.064,-0.027,-0.008,0.007,-1.541,0.073,0.115,-0.28,0.166,0.189
wukong14_3696527104395430016_lesspayn,12.0,MgI,7,0,0.155,0.172,0.08,-0.081,-0.034,0.013,-1.153,0.196,0.209,0.108,0.221,0.234
wukong14_3696527104395430016_lesspayn,13.0,AlI,1,0,0.0,0.41,0.155,-0.216,-0.027,0.05,-1.868,0.271,0.492,-0.606,0.238,0.475
wukong14_3696527104395430016_lesspayn,14.0,SiI,6,0,0.179,0.189,0.045,0.022,-0.015,0.018,-0.987,0.187,0.197,0.274,0.254,0.262
wukong14_3696527104395430016_lesspayn,20.0,CaI,20,0,0.084,0.092,0.081,-0.05,-0.048,0.003,-1.036,0.136,0.141,0.226,0.172,0.177
wukong14_3696527104395430016_lesspayn,21.1,ScII,8,0,0.22,0.246,-0.031,0.167,-0.07,0.008,-0.885,0.286,0.307,0.376,0.365,0.382
wukong14_3696527104395430016_lesspayn,22.0,TiI,47,0,0.174,0.175,0.124,-0.008,-0.037,-0.002,-1.04,0.216,0.218,0.221,0.233,0.235
wukong14_3696527104395430016_lesspayn,22.1,TiII,37,0,0.135,0.141,0.003,0.188,-0.059,0.054,-0.804,0.245,0.248,0.457,0.327,0.329
wukong14_3696527104395430016_lesspayn,23.0,VI,2,0,0.054,0.126,0.045,0.041,-0.027,-0.081,-1.324,0.118,0.164,-0.063,0.212,0.241
wukong14_3696527104395430016_lesspayn,23.1,VII,2,0,0.082,0.2,-0.002,0.212,-0.005,0.026,-1.071,0.229,0.293,0.191,0.332,0.378
wukong14_3696527104395430016_lesspayn,24.0,CrI,12,0,0.126,0.138,0.132,-0.017,-0.07,-0.008,-1.204,0.196,0.204,0.057,0.198,0.206
wukong14_3696527104395430016_lesspayn,24.1,CrII,3,0,0.048,0.149,-0.039,0.21,-0.022,0.031,-1.272,0.222,0.263,-0.011,0.335,0.364
wukong14_3696527104395430016_lesspayn,25.0,MnI,7,0,0.102,0.137,0.082,-0.018,-0.037,-0.007,-1.572,0.137,0.165,-0.31,0.186,0.207
wukong14_3696527104395430016_lesspayn,26.0,FeI,104,0,0.147,0.148,0.106,-0.044,-0.066,0.007,-1.261,0.198,0.199,0.0,0.0,0.0
wukong14_3696527104395430016_lesspayn,26.1,FeII,27,0,0.141,0.149,-0.031,0.202,-0.051,0.05,-1.179,0.258,0.263,0.082,0.351,0.354
wukong14_3696527104395430016_lesspayn,27.0,CoI,4,0,0.24,0.261,0.114,0.032,-0.047,-0.007,-1.098,0.272,0.291,0.164,0.293,0.311
wukong14_3696527104395430016_lesspayn,28.0,NiI,21,0,0.187,0.19,0.086,0.026,-0.031,0.01,-1.339,0.21,0.213,-0.078,0.252,0.254
wukong14_3696527104395430016_lesspayn,29.0,CuI,1,0,0.0,0.214,0.095,0.048,0.003,0.006,-2.446,0.106,0.239,-1.185,0.187,0.285
wukong14_3696527104395430016_lesspayn,30.0,ZnI,2,0,0.063,0.146,0.004,0.144,-0.03,0.038,-1.318,0.165,0.211,-0.056,0.272,0.302
wukong14_3696527104395430016_lesspayn,38.0,SrI,1,0,0.0,0.163,0.118,-0.002,-0.008,0.005,-1.586,0.118,0.201,-0.325,0.164,0.232
wukong14_3696527104395430016_lesspayn,38.1,SrII,2,0,0.073,0.147,0.056,0.078,-0.026,0.086,-1.199,0.151,0.197,0.062,0.229,0.262
wukong14_3696527104395430016_lesspayn,39.1,YII,3,0,0.09,0.177,0.006,0.221,-0.041,0.055,-1.371,0.249,0.291,-0.11,0.337,0.369
wukong14_3696527104395430016_lesspayn,40.1,ZrII,1,0,0.0,0.276,-0.044,0.242,-0.033,-0.012,-1.013,0.249,0.371,0.248,0.358,0.451
wukong14_3696527104395430016_lesspayn,56.1,BaII,4,0,0.063,0.149,0.03,0.105,-0.081,0.062,-0.914,0.162,0.211,0.347,0.239,0.274
wukong14_3696527104395430016_lesspayn,57.1,LaII,6,0,0.069,0.12,0.005,0.196,-0.022,0.055,-0.785,0.216,0.237,0.477,0.314,0.329
wukong14_3696527104395430016_lesspayn,63.1,EuII,4,0,0.055,0.138,0.01,0.213,-0.006,0.059,-0.547,0.228,0.261,0.714,0.327,0.35
wukong14_3696527104395430016_lesspayn,66.1,DyII,2,0,0.013,0.213,0.0,0.24,0.028,0.053,-0.304,0.248,0.326,0.958,0.354,0.412
wukong14_3696527104395430016_lesspayn,106.0,C-H,2,0,0.022,0.15,0.103,-0.055,0.001,0.142,-1.33,0.185,0.237,-0.068,0.212,0.259
wukong14_3696527104395430016_lesspayn,607.0,C-N,1,0,0.0,0.377,0.168,-0.028,0.001,0.151,-1.038,0.228,0.44,0.223,0.226,0.44
wukong14_3696527104395430016_lesspayn,8.0,OI,1,1,,,,,,,-0.323,,,0.938,,
wukong1_111161424_lesspayne_norm_EQW_params_synt,11.0,NaI,3,0,0.029,0.112,0.089,-0.076,-0.013,0.0,-1.747,0.122,0.163,0.002,0.162,0.195
wukong1_111161424_lesspayne_norm_EQW_params_synt,12.0,MgI,7,0,0.104,0.128,0.091,-0.091,-0.023,0.001,-1.457,0.167,0.183,0.292,0.191,0.206
wukong1_111161424_lesspayne_norm_EQW_params_synt,13.0,AlI,1,0,0.0,0.424,0.177,-0.224,-0.024,0.048,-2.236,0.29,0.514,-0.488,0.247,0.491
wukong1_111161424_lesspayne_norm_EQW_params_synt,14.0,SiI,5,0,0.245,0.254,0.059,0.006,-0.012,0.009,-1.331,0.253,0.261,0.417,0.301,0.308
wukong1_111161424_lesspayne_norm_EQW_params_synt,19.0,KI,2,0,0.064,0.154,0.118,-0.097,-0.054,-0.024,-0.957,0.176,0.225,0.791,0.17,0.221
wukong1_111161424_lesspayne_norm_EQW_params_synt,20.0,CaI,21,0,0.106,0.112,0.088,-0.063,-0.035,-0.011,-1.377,0.156,0.16,0.371,0.187,0.19
wukong1_111161424_lesspayne_norm_EQW_params_synt,21.1,ScII,8,0,0.172,0.205,-0.016,0.167,-0.053,0.009,-1.511,0.246,0.27,0.238,0.34,0.358
wukong1_111161424_lesspayne_norm_EQW_params_synt,22.0,TiI,48,0,0.177,0.179,0.136,-0.025,-0.023,-0.014,-1.581,0.226,0.228,0.167,0.233,0.235
wukong1_111161424_lesspayne_norm_EQW_params_synt,22.1,TiII,53,0,0.213,0.215,0.019,0.168,-0.053,0.053,-1.233,0.282,0.284,0.516,0.357,0.358
wukong1_111161424_lesspayne_norm_EQW_params_synt,23.0,VI,2,0,0.035,0.133,0.103,0.039,-0.0,-0.069,-1.935,0.135,0.186,-0.186,0.189,0.229
wukong1_111161424_lesspayne_norm_EQW_params_synt,23.1,VII,2,0,0.052,0.177,-0.016,0.188,-0.011,0.037,-1.646,0.2,0.262,0.103,0.319,0.361
wukong1_111161424_lesspayne_norm_EQW_params_synt,24.0,CrI,15,0,0.101,0.113,0.142,-0.034,-0.039,-0.019,-1.857,0.183,0.19,-0.108,0.18,0.188
wukong1_111161424_lesspayne_norm_EQW_params_synt,24.1,CrII,6,0,0.103,0.139,-0.033,0.195,-0.017,0.035,-1.63,0.226,0.245,0.118,0.342,0.355
wukong1_111161424_lesspayne_norm_EQW_params_synt,25.0,MnI,6,0,0.063,0.116,0.102,-0.031,-0.014,-0.015,-2.217,0.125,0.159,-0.469,0.166,0.193
wukong1_111161424_lesspayne_norm_EQW_params_synt,26.0,FeI,126,0,0.147,0.148,0.124,-0.044,-0.048,-0.012,-1.749,0.204,0.204,0.0,0.0,0.0
wukong1_111161424_lesspayne_norm_EQW_params_synt,26.1,FeII,23,0,0.124,0.133,-0.021,0.189,-0.04,0.05,-1.664,0.236,0.241,0.085,0.341,0.345
wukong1_111161424_lesspayne_norm_EQW_params_synt,27.0,CoI,4,0,0.322,0.336,0.119,-0.017,-0.031,-0.026,-1.701,0.346,0.359,0.047,0.356,0.369
wukong1_111161424_lesspayne_norm_EQW_params_synt,28.0,NiI,26,0,0.131,0.134,0.104,0.006,-0.019,-0.002,-1.79,0.168,0.171,-0.041,0.206,0.209
wukong1_111161424_lesspayne_norm_EQW_params_synt,30.0,ZnI,2,0,0.066,0.14,0.014,0.13,-0.021,0.035,-1.669,0.152,0.196,0.08,0.267,0.295
wukong1_111161424_lesspayne_norm_EQW_params_synt,38.0,SrI,1,0,0.0,0.176,0.135,-0.017,-0.007,-0.009,-1.801,0.137,0.223,-0.052,0.156,0.235
wukong1_111161424_lesspayne_norm_EQW_params_synt,38.1,SrII,2,0,0.055,0.153,0.098,0.068,-0.05,0.092,-1.602,0.168,0.22,0.147,0.221,0.263
wukong1_111161424_lesspayne_norm_EQW_params_synt,39.1,YII,3,0,0.043,0.153,0.016,0.212,-0.024,0.053,-1.816,0.224,0.268,-0.067,0.325,0.357
wukong1_111161424_lesspayne_norm_EQW_params_synt,40.1,ZrII,1,0,0.0,0.289,-0.0,0.256,0.007,0.007,-1.415,0.256,0.386,0.334,0.361,0.463
wukong1_111161424_lesspayne_norm_EQW_params_synt,56.1,BaII,4,0,0.034,0.139,0.05,0.11,-0.069,0.063,-1.485,0.156,0.207,0.264,0.241,0.277
wukong1_111161424_lesspayne_norm_EQW_params_synt,57.1,LaII,6,0,0.037,0.107,0.033,0.195,-0.005,0.06,-1.47,0.21,0.233,0.278,0.309,0.325
wukong1_111161424_lesspayne_norm_EQW_params_synt,63.1,EuII,4,0,0.058,0.141,0.026,0.21,0.001,0.059,-1.253,0.227,0.261,0.496,0.326,0.351
wukong1_111161424_lesspayne_norm_EQW_params_synt,66.1,DyII,2,0,0.004,0.163,-0.009,0.163,-0.047,-0.011,-0.973,0.17,0.236,0.776,0.287,0.33
wukong1_111161424_lesspayne_norm_EQW_params_synt,106.0,C-H,2,0,0.008,0.176,0.158,-0.073,-0.002,0.147,-1.906,0.228,0.288,-0.157,0.227,0.287
wukong1_111161424_lesspayne_norm_EQW_params_synt,607.0,C-N,1,0,0.0,0.404,0.218,-0.022,0.0,0.156,-1.525,0.269,0.485,0.223,0.248,0.474
wukong1_111161424_lesspayne_norm_EQW_params_synt,8.0,OI,1,1,,,,,,,-0.857,,,0.891,,
wukong2_114265423_lesspayne_norm_EQW_params_synt,11.0,NaI,3,0,0.074,0.14,0.114,-0.079,-0.02,-0.009,-1.931,0.159,0.198,-0.053,0.216,0.247
wukong2_114265423_lesspayne_norm_EQW_params_synt,12.0,MgI,6,0,0.106,0.136,0.108,-0.094,-0.028,-0.008,-1.547,0.18,0.2,0.332,0.232,0.248
wukong2_114265423_lesspayne_norm_EQW_params_synt,13.0,AlI,1,0,0.0,0.448,0.169,-0.218,-0.048,0.015,-2.43,0.281,0.529,-0.552,0.272,0.524
wukong2_114265423_lesspayne_norm_EQW_params_synt,14.0,SiI,7,0,0.121,0.135,0.056,0.023,-0.008,0.014,-1.461,0.136,0.149,0.418,0.256,0.263
wukong2_114265423_lesspayne_norm_EQW_params_synt,19.0,KI,2,0,0.013,0.146,0.142,-0.071,-0.066,-0.035,-0.855,0.176,0.228,1.023,0.199,0.247
wukong2_114265423_lesspayne_norm_EQW_params_synt,20.0,CaI,22,0,0.135,0.14,0.105,-0.053,-0.039,-0.027,-1.528,0.186,0.189,0.351,0.24,0.243
wukong2_114265423_lesspayne_norm_EQW_params_synt,21.1,ScII,8,0,0.285,0.307,-0.015,0.143,-0.074,0.023,-1.443,0.328,0.348,0.435,0.42,0.436
wukong2_114265423_lesspayne_norm_EQW_params_synt,22.0,TiI,54,0,0.165,0.168,0.155,-0.042,-0.027,-0.029,-1.513,0.234,0.236,0.365,0.257,0.259
wukong2_114265423_lesspayne_norm_EQW_params_synt,22.1,TiII,47,0,0.24,0.243,0.01,0.164,-0.055,0.064,-1.348,0.303,0.305,0.531,0.399,0.401
wukong2_114265423_lesspayne_norm_EQW_params_synt,23.0,VI,2,0,0.02,0.174,0.134,-0.014,-0.027,-0.103,-1.988,0.173,0.244,-0.109,0.213,0.275
wukong2_114265423_lesspayne_norm_EQW_params_synt,23.1,VII,2,0,0.15,0.232,-0.009,0.165,-0.008,0.052,-1.665,0.229,0.29,0.214,0.36,0.401
wukong2_114265423_lesspayne_norm_EQW_params_synt,24.0,CrI,15,0,0.085,0.103,0.168,-0.051,-0.051,-0.038,-1.882,0.205,0.213,-0.003,0.215,0.224
wukong2_114265423_lesspayne_norm_EQW_params_synt,24.1,CrII,5,0,0.168,0.197,-0.038,0.19,-0.014,0.05,-1.875,0.262,0.281,0.003,0.393,0.406
wukong2_114265423_lesspayne_norm_EQW_params_synt,25.0,MnI,5,0,0.043,0.12,0.119,-0.045,-0.017,-0.029,-2.224,0.139,0.178,-0.346,0.203,0.232
wukong2_114265423_lesspayne_norm_EQW_params_synt,26.0,FeI,101,0,0.194,0.195,0.137,-0.036,-0.049,-0.024,-1.879,0.246,0.247,0.0,0.0,0.0
wukong2_114265423_lesspayne_norm_EQW_params_synt,26.1,FeII,25,0,0.129,0.138,-0.031,0.198,-0.036,0.065,-1.853,0.25,0.254,0.025,0.381,0.385
wukong2_114265423_lesspayne_norm_EQW_params_synt,27.0,CoI,4,0,0.4,0.418,0.131,-0.02,-0.037,-0.032,-1.728,0.424,0.441,0.15,0.445,0.462
wukong2_114265423_lesspayne_norm_EQW_params_synt,28.0,NiI,25,0,0.24,0.242,0.113,0.002,-0.022,-0.009,-1.896,0.266,0.268,-0.018,0.313,0.316
wukong2_114265423_lesspayne_norm_EQW_params_synt,30.0,ZnI,2,0,0.108,0.167,0.004,0.131,-0.017,0.047,-1.846,0.177,0.218,0.033,0.318,0.343
wukong2_114265423_lesspayne_norm_EQW_params_synt,38.0,SrI,1,0,0.0,0.193,0.151,-0.038,-0.006,-0.021,-2.053,0.157,0.249,-0.174,0.2,0.278
wukong2_114265423_lesspayne_norm_EQW_params_synt,38.1,SrII,2,0,0.166,0.235,0.09,0.068,-0.02,0.113,-1.718,0.231,0.285,0.161,0.313,0.355
wukong2_114265423_lesspayne_norm_EQW_params_synt,39.1,YII,3,0,0.04,0.151,0.006,0.197,-0.039,0.069,-1.91,0.216,0.261,-0.031,0.345,0.376
wukong2_114265423_lesspayne_norm_EQW_params_synt,40.1,ZrII,1,0,0.0,0.263,-0.037,0.213,-0.04,-0.04,-1.756,0.223,0.345,0.122,0.361,0.447
wukong2_114265423_lesspayne_norm_EQW_params_synt,56.1,BaII,4,0,0.044,0.155,0.013,0.135,-0.104,0.054,-1.691,0.185,0.237,0.187,0.305,0.34
wukong2_114265423_lesspayne_norm_EQW_params_synt,57.1,LaII,6,0,0.083,0.13,0.015,0.177,-0.013,0.071,-1.564,0.209,0.232,0.315,0.339,0.354
wukong2_114265423_lesspayne_norm_EQW_params_synt,63.1,EuII,4,0,0.043,0.124,0.006,0.178,-0.006,0.062,-1.337,0.194,0.226,0.541,0.334,0.354
wukong2_114265423_lesspayne_norm_EQW_params_synt,66.1,DyII,1,0,0.0,0.303,0.039,0.218,0.007,0.065,-1.207,0.231,0.381,0.672,0.351,0.464
wukong2_114265423_lesspayne_norm_EQW_params_synt,106.0,C-H,2,0,0.008,0.193,0.146,-0.082,-0.002,0.188,-2.445,0.252,0.317,-0.566,0.295,0.353
wukong2_114265423_lesspayne_norm_EQW_params_synt,607.0,C-N,1,0,0.0,0.417,0.209,-0.027,0.003,0.197,-1.395,0.288,0.507,0.484,0.307,0.518
wukong2_114265423_lesspayne_norm_EQW_params_synt,8.0,OI,1,1,,,,,,,-0.732,,,1.146,,
wukong3_116363589_lesspayne_norm_EQW_params_synt,11.0,NaI,2,0,0.025,0.191,0.164,-0.17,-0.051,-0.011,-2.223,0.244,0.308,0.11,0.235,0.302
wukong3_116363589_lesspayne_norm_EQW_params_synt,12.0,MgI,6,0,0.063,0.101,0.095,-0.074,-0.017,-0.001,-2.111,0.137,0.158,0.222,0.202,0.218
wukong3_116363589_lesspayne_norm_EQW_params_synt,13.0,AlI,1,0,0.0,0.439,0.067,-0.274,-0.068,-0.0,-2.928,0.29,0.526,-0.595,0.308,0.537
wukong3_116363589_lesspayne_norm_EQW_params_synt,14.0,SiI,3,0,0.14,0.179,0.087,-0.026,-0.022,-0.0,-1.643,0.168,0.202,0.69,0.236,0.262
wukong3_116363589_lesspayne_norm_EQW_params_synt,20.0,CaI,20,0,0.115,0.12,0.082,-0.036,-0.021,-0.006,-2.084,0.147,0.151,0.248,0.222,0.226
wukong3_116363589_lesspayne_norm_EQW_params_synt,21.1,ScII,8,0,0.092,0.15,0.012,0.206,-0.035,0.021,-2.257,0.229,0.258,0.076,0.339,0.359
wukong3_116363589_lesspayne_norm_EQW_params_synt,22.0,TiI,23,0,0.14,0.146,0.132,-0.031,-0.017,-0.016,-2.22,0.197,0.201,0.113,0.234,0.238
wukong3_116363589_lesspayne_norm_EQW_params_synt,22.1,TiII,46,0,0.165,0.168,0.041,0.167,-0.033,0.039,-2.009,0.244,0.246,0.323,0.335,0.337
wukong3_116363589_lesspayne_norm_EQW_params_synt,23.0,VI,2,0,0.012,0.137,0.036,0.098,0.003,-0.065,-2.744,0.124,0.184,-0.412,0.253,0.288
wukong3_116363589_lesspayne_norm_EQW_params_synt,23.1,VII,2,0,0.061,0.194,-0.002,0.187,-0.008,0.019,-2.097,0.198,0.27,0.235,0.324,0.373
wukong3_116363589_lesspayne_norm_EQW_params_synt,24.0,CrI,13,0,0.123,0.132,0.123,-0.029,-0.014,-0.014,-2.553,0.178,0.184,-0.22,0.224,0.23
wukong3_116363589_lesspayne_norm_EQW_params_synt,24.1,CrII,3,0,0.185,0.225,-0.014,0.184,-0.009,0.026,-2.306,0.263,0.292,0.026,0.371,0.393
wukong3_116363589_lesspayne_norm_EQW_params_synt,25.0,MnI,6,0,0.058,0.114,0.087,-0.034,-0.004,-0.009,-2.708,0.11,0.148,-0.376,0.2,0.223
wukong3_116363589_lesspayne_norm_EQW_params_synt,26.0,FeI,135,0,0.186,0.187,0.119,-0.037,-0.033,-0.013,-2.332,0.227,0.228,0.0,0.0,0.0
wukong3_116363589_lesspayne_norm_EQW_params_synt,26.1,FeII,20,0,0.164,0.172,0.007,0.181,-0.031,0.038,-2.293,0.249,0.255,0.039,0.353,0.357
wukong3_116363589_lesspayne_norm_EQW_params_synt,27.0,CoI,4,0,0.155,0.18,0.119,-0.028,-0.014,-0.021,-2.258,0.199,0.219,0.075,0.243,0.261
wukong3_116363589_lesspayne_norm_EQW_params_synt,28.0,NiI,12,0,0.205,0.211,0.109,-0.013,-0.015,-0.008,-2.263,0.233,0.238,0.07,0.279,0.284
wukong3_116363589_lesspayne_norm_EQW_params_synt,30.0,ZnI,1,0,0.0,0.163,0.036,0.105,-0.005,0.017,-2.405,0.112,0.198,-0.073,0.252,0.3
wukong3_116363589_lesspayne_norm_EQW_params_synt,38.1,SrII,2,0,0.097,0.156,0.093,0.033,-0.043,0.038,-2.246,0.15,0.193,0.087,0.229,0.26
wukong3_116363589_lesspayne_norm_EQW_params_synt,39.1,YII,3,0,0.084,0.157,0.031,0.182,-0.005,0.036,-2.645,0.206,0.245,-0.313,0.318,0.344
wukong3_116363589_lesspayne_norm_EQW_params_synt,40.1,ZrII,1,0,0.0,0.281,0.01,0.216,-0.005,0.029,-2.313,0.218,0.356,0.02,0.336,0.439
wukong3_116363589_lesspayne_norm_EQW_params_synt,56.1,BaII,4,0,0.042,0.153,0.063,0.156,-0.034,0.047,-2.622,0.182,0.235,-0.29,0.284,0.32
wukong3_116363589_lesspayne_norm_EQW_params_synt,63.1,EuII,2,0,0.049,0.174,0.03,0.196,0.002,0.033,-2.228,0.207,0.266,0.105,0.321,0.362
wukong3_116363589_lesspayne_norm_EQW_params_synt,106.0,C-H,2,0,0.001,0.206,0.209,-0.134,0.002,0.109,-2.398,0.272,0.341,-0.066,0.261,0.333
wukong3_116363589_lesspayne_norm_EQW_params_synt,8.0,OI,1,1,,,,,,,-0.687,,,1.645,,
wukong3_116363589_lesspayne_norm_EQW_params_synt,57.1,LaII,1,1,,,,,,,-2.371,,,-0.078,,
wukong3_116363589_lesspayne_norm_EQW_params_synt,607.0,C-N,1,1,,,,,,,-2.374,,,-0.042,,
wukong4_150174705_lesspayne_norm_EQW_params_synt,11.0,NaI,2,0,0.054,0.167,0.116,-0.14,-0.051,-0.026,-2.544,0.198,0.253,0.341,0.196,0.253
wukong4_150174705_lesspayne_norm_EQW_params_synt,12.0,MgI,5,0,0.046,0.094,0.094,-0.054,-0.011,0.005,-2.4,0.118,0.144,0.485,0.148,0.171
wukong4_150174705_lesspayne_norm_EQW_params_synt,13.0,AlI,1,0,0.0,0.433,0.148,-0.01,-0.063,0.0,-3.653,0.161,0.462,-0.768,0.137,0.455
wukong4_150174705_lesspayne_norm_EQW_params_synt,14.0,SiI,1,0,0.0,0.437,0.253,-0.281,-0.016,0.032,-2.259,0.38,0.579,0.626,0.324,0.545
wukong4_150174705_lesspayne_norm_EQW_params_synt,20.0,CaI,11,0,0.124,0.131,0.083,-0.015,-0.013,0.005,-2.357,0.15,0.156,0.528,0.185,0.191
wukong4_150174705_lesspayne_norm_EQW_params_synt,21.1,ScII,5,0,0.066,0.161,0.021,0.218,-0.013,0.005,-3.065,0.23,0.272,-0.18,0.293,0.328
wukong4_150174705_lesspayne_norm_EQW_params_synt,22.0,TiI,9,0,0.354,0.36,0.139,-0.001,-0.007,0.017,-2.414,0.381,0.386,0.471,0.377,0.384
wukong4_150174705_lesspayne_norm_EQW_params_synt,22.1,TiII,20,0,0.174,0.182,0.066,0.182,-0.024,0.021,-2.627,0.262,0.268,0.258,0.297,0.303
wukong4_150174705_lesspayne_norm_EQW_params_synt,24.0,CrI,2,0,0.201,0.238,0.131,-0.009,-0.013,0.011,-2.988,0.241,0.272,-0.103,0.239,0.272
wukong4_150174705_lesspayne_norm_EQW_params_synt,25.0,MnI,2,0,0.061,0.193,0.105,0.013,0.006,0.013,-3.113,0.123,0.221,-0.228,0.149,0.238
wukong4_150174705_lesspayne_norm_EQW_params_synt,26.0,FeI,75,0,0.129,0.131,0.13,-0.011,-0.022,0.009,-2.885,0.185,0.186,0.0,0.0,0.0
wukong4_150174705_lesspayne_norm_EQW_params_synt,26.1,FeII,10,0,0.139,0.157,0.027,0.193,-0.015,0.018,-2.876,0.241,0.251,0.009,0.297,0.307
wukong4_150174705_lesspayne_norm_EQW_params_synt,27.0,CoI,2,0,0.011,0.156,0.158,0.022,-0.001,0.005,-2.789,0.16,0.223,0.096,0.138,0.209
wukong4_150174705_lesspayne_norm_EQW_params_synt,28.0,NiI,2,0,0.046,0.126,0.108,0.009,-0.009,0.011,-2.823,0.119,0.167,0.062,0.14,0.185
wukong4_150174705_lesspayne_norm_EQW_params_synt,38.1,SrII,1,0,0.0,0.22,0.047,0.063,-0.142,-0.065,-2.036,0.175,0.281,0.849,0.221,0.313
wukong4_150174705_lesspayne_norm_EQW_params_synt,39.1,YII,3,0,0.055,0.158,0.064,0.187,-0.003,0.025,-2.421,0.207,0.254,0.464,0.253,0.294
wukong4_150174705_lesspayne_norm_EQW_params_synt,40.1,ZrII,1,0,0.0,0.299,0.001,0.267,-0.01,0.005,-1.911,0.268,0.401,0.974,0.333,0.448
wukong4_150174705_lesspayne_norm_EQW_params_synt,56.1,BaII,4,0,0.11,0.178,0.068,0.144,-0.03,-0.001,-2.767,0.196,0.241,0.118,0.238,0.277
wukong4_150174705_lesspayne_norm_EQW_params_synt,106.0,C-H,2,0,0.005,0.238,0.263,-0.175,0.002,0.056,-2.148,0.321,0.399,0.737,0.253,0.348
wukong4_150174705_lesspayne_norm_EQW_params_synt,8.0,OI,1,1,,,,,,,-0.396,,,2.489,,
wukong4_150174705_lesspayne_norm_EQW_params_synt,23.0,VI,2,1,,,,,,,-2.339,,,0.546,,
wukong4_150174705_lesspayne_norm_EQW_params_synt,23.1,VII,2,1,,,,,,,-1.832,,,1.044,,
wukong4_150174705_lesspayne_norm_EQW_params_synt,57.1,LaII,1,1,,,,,,,-1.6,,,1.276,,
wukong4_150174705_lesspayne_norm_EQW_params_synt,63.1,EuII,1,1,,,,,,,-1.917,,,0.959,,
wukong4_150174705_lesspayne_norm_EQW_params_synt,607.0,C-N,1,1,,,,,,,-1.386,,,1.499,,
wukong5_159416852_lesspayne_norm_EQW_params_synt,11.0,NaI,2,0,0.045,0.221,0.163,-0.232,-0.029,-0.011,-1.737,0.289,0.361,0.686,0.282,0.356
wukong5_159416852_lesspayne_norm_EQW_params_synt,12.0,MgI,6,0,0.103,0.133,0.101,-0.099,-0.023,-0.012,-2.023,0.176,0.196,0.401,0.237,0.252
wukong5_159416852_lesspayne_norm_EQW_params_synt,13.0,AlI,1,0,0.0,0.438,0.15,-0.268,-0.039,-0.007,-2.561,0.31,0.536,-0.138,0.302,0.532
wukong5_159416852_lesspayne_norm_EQW_params_synt,14.0,SiI,2,0,0.313,0.358,0.144,-0.09,-0.048,-0.014,-1.748,0.359,0.399,0.675,0.377,0.416
wukong5_159416852_lesspayne_norm_EQW_params_synt,19.0,KI,1,0,0.0,0.166,0.113,-0.043,-0.029,-0.025,-1.746,0.127,0.209,0.677,0.206,0.265
wukong5_159416852_lesspayne_norm_EQW_params_synt,20.0,CaI,24,0,0.132,0.136,0.087,-0.045,-0.021,-0.016,-2.095,0.166,0.17,0.328,0.248,0.251
wukong5_159416852_lesspayne_norm_EQW_params_synt,21.1,ScII,8,0,0.228,0.254,-0.011,0.166,-0.054,0.005,-2.175,0.288,0.308,0.248,0.4,0.416
wukong5_159416852_lesspayne_norm_EQW_params_synt,22.0,TiI,35,0,0.199,0.202,0.148,-0.045,-0.018,-0.022,-2.276,0.254,0.256,0.147,0.287,0.29
wukong5_159416852_lesspayne_norm_EQW_params_synt,22.1,TiII,55,0,0.16,0.163,0.021,0.158,-0.04,0.034,-1.92,0.232,0.234,0.503,0.353,0.355
wukong5_159416852_lesspayne_norm_EQW_params_synt,23.0,VI,2,0,0.037,0.134,0.117,0.039,-0.002,-0.053,-2.724,0.139,0.19,-0.301,0.23,0.265
wukong5_159416852_lesspayne_norm_EQW_params_synt,23.1,VII,2,0,0.168,0.246,-0.03,0.186,-0.005,0.017,-2.125,0.253,0.31,0.298,0.39,0.43
wukong5_159416852_lesspayne_norm_EQW_params_synt,24.0,CrI,16,0,0.116,0.126,0.144,-0.044,-0.018,-0.021,-2.651,0.192,0.198,-0.228,0.237,0.243
wukong5_159416852_lesspayne_norm_EQW_params_synt,24.1,CrII,4,0,0.101,0.15,-0.029,0.182,-0.007,0.022,-2.406,0.212,0.239,0.017,0.364,0.381
wukong5_159416852_lesspayne_norm_EQW_params_synt,25.0,MnI,6,0,0.052,0.114,0.107,-0.046,-0.002,-0.01,-2.989,0.128,0.163,-0.566,0.216,0.239
wukong5_159416852_lesspayne_norm_EQW_params_synt,26.0,FeI,144,0,0.205,0.206,0.128,-0.048,-0.036,-0.023,-2.423,0.25,0.251,0.0,0.0,0.0
wukong5_159416852_lesspayne_norm_EQW_params_synt,26.1,FeII,23,0,0.121,0.129,-0.018,0.179,-0.029,0.033,-2.346,0.221,0.226,0.077,0.364,0.368
wukong5_159416852_lesspayne_norm_EQW_params_synt,27.0,CoI,4,0,0.141,0.181,0.16,-0.031,-0.028,-0.032,-2.55,0.22,0.247,-0.127,0.252,0.277
wukong5_159416852_lesspayne_norm_EQW_params_synt,28.0,NiI,19,0,0.1,0.108,0.112,-0.014,-0.008,-0.01,-2.541,0.152,0.157,-0.117,0.233,0.238
wukong5_159416852_lesspayne_norm_EQW_params_synt,30.0,ZnI,2,0,0.042,0.122,0.025,0.111,-0.008,0.021,-2.343,0.123,0.168,0.08,0.287,0.31
wukong5_159416852_lesspayne_norm_EQW_params_synt,38.1,SrII,2,0,0.076,0.148,0.093,0.036,-0.042,0.037,-2.352,0.138,0.187,0.071,0.244,0.276
wukong5_159416852_lesspayne_norm_EQW_params_synt,39.1,YII,3,0,0.074,0.154,0.027,0.184,-0.012,0.041,-2.616,0.205,0.245,-0.193,0.341,0.367
wukong5_159416852_lesspayne_norm_EQW_params_synt,40.1,ZrII,1,0,0.0,0.242,0.0,0.206,-0.006,0.029,-2.341,0.208,0.319,0.082,0.356,0.431
wukong5_159416852_lesspayne_norm_EQW_params_synt,56.1,BaII,4,0,0.064,0.156,0.042,0.149,-0.055,0.038,-2.598,0.18,0.23,-0.175,0.31,0.342
wukong5_159416852_lesspayne_norm_EQW_params_synt,57.1,LaII,6,0,0.145,0.174,0.025,0.167,0.001,0.044,-2.502,0.228,0.246,-0.079,0.355,0.368
wukong5_159416852_lesspayne_norm_EQW_params_synt,63.1,EuII,2,0,0.006,0.163,0.027,0.193,0.001,0.042,-2.376,0.199,0.258,0.047,0.34,0.378
wukong5_159416852_lesspayne_norm_EQW_params_synt,66.1,DyII,1,0,0.0,0.281,-0.0,0.218,0.005,0.042,-2.007,0.222,0.358,0.416,0.367,0.463
wukong5_159416852_lesspayne_norm_EQW_params_synt,106.0,C-H,2,0,0.015,0.188,0.176,-0.126,0.001,0.111,-2.775,0.244,0.307,-0.352,0.264,0.325
wukong5_159416852_lesspayne_norm_EQW_params_synt,607.0,C-N,1,0,0.0,0.407,0.24,-0.077,0.001,0.107,-1.803,0.273,0.491,0.621,0.271,0.49
wukong5_159416852_lesspayne_norm_EQW_params_synt,8.0,OI,1,1,,,,,,,-1.428,,,0.995,,
wukong6_160599956_lesspayne_norm_EQW_params_synt,11.0,NaI,2,0,0.018,0.124,0.13,-0.021,-0.018,0.003,-3.644,0.135,0.182,-0.064,0.116,0.173
wukong6_160599956_lesspayne_norm_EQW_params_synt,12.0,MgI,4,0,0.134,0.165,0.09,-0.023,-0.01,0.002,-3.156,0.163,0.19,0.424,0.187,0.214
wukong6_160599956_lesspayne_norm_EQW_params_synt,13.0,AlI,1,0,0.0,0.374,0.142,-0.001,-0.017,0.005,-4.347,0.143,0.4,-0.768,0.109,0.392
wukong6_160599956_lesspayne_norm_EQW_params_synt,14.0,SiI,1,0,0.0,0.326,0.198,-0.071,-0.054,0.008,-3.451,0.218,0.392,0.129,0.143,0.358
wukong6_160599956_lesspayne_norm_EQW_params_synt,20.0,CaI,4,0,0.149,0.173,0.099,0.01,-0.004,0.001,-3.201,0.179,0.2,0.379,0.193,0.216
wukong6_160599956_lesspayne_norm_EQW_params_synt,21.1,ScII,1,0,0.0,0.314,0.072,0.196,-0.017,0.001,-3.414,0.21,0.377,0.166,0.234,0.393
wukong6_160599956_lesspayne_norm_EQW_params_synt,22.0,TiI,2,0,0.245,0.289,0.161,0.013,-0.003,0.003,-2.998,0.293,0.331,0.582,0.268,0.312
wukong6_160599956_lesspayne_norm_EQW_params_synt,22.1,TiII,9,0,0.139,0.161,0.075,0.198,-0.016,0.005,-3.232,0.254,0.267,0.348,0.273,0.287
wukong6_160599956_lesspayne_norm_EQW_params_synt,24.0,CrI,1,0,0.0,0.213,0.149,0.008,-0.006,0.003,-3.732,0.149,0.26,-0.152,0.11,0.243
wukong6_160599956_lesspayne_norm_EQW_params_synt,25.0,MnI,1,0,0.0,0.31,0.185,0.011,-0.008,0.001,-4.196,0.185,0.361,-0.616,0.113,0.332
wukong6_160599956_lesspayne_norm_EQW_params_synt,26.0,FeI,27,0,0.108,0.115,0.155,0.006,-0.022,0.003,-3.58,0.191,0.194,0.0,0.0,0.0
wukong6_160599956_lesspayne_norm_EQW_params_synt,26.1,FeII,2,0,0.145,0.235,0.029,0.211,-0.009,0.003,-3.551,0.258,0.317,0.029,0.302,0.356
wukong6_160599956_lesspayne_norm_EQW_params_synt,28.0,NiI,1,0,0.0,0.273,0.184,-0.004,-0.06,0.004,-3.504,0.194,0.335,0.076,0.119,0.3
wukong6_160599956_lesspayne_norm_EQW_params_synt,106.0,C-H,2,0,0.046,0.254,0.267,-0.189,0.013,0.019,-3.297,0.331,0.415,0.282,0.256,0.36
wukong6_160599956_lesspayne_norm_EQW_params_synt,8.0,OI,1,1,,,,,,,0.014,,,3.594,,
wukong6_160599956_lesspayne_norm_EQW_params_synt,23.0,VI,1,1,,,,,,,-2.587,,,0.993,,
wukong6_160599956_lesspayne_norm_EQW_params_synt,27.0,CoI,1,1,,,,,,,-3.007,,,0.573,,
wukong6_160599956_lesspayne_norm_EQW_params_synt,38.1,SrII,1,1,,,,,,,-4.459,,,-0.908,,
wukong6_160599956_lesspayne_norm_EQW_params_synt,56.1,BaII,1,1,,,,,,,-4.123,,,-0.572,,
wukong6_160599956_lesspayne_norm_EQW_params_synt,63.1,EuII,1,1,,,,,,,-2.157,,,1.394,,
wukong6_160599956_lesspayne_norm_EQW_params_synt,607.0,C-N,1,1,,,,,,,-1.184,,,2.396,,
wukong7_160989833_lesspayne_norm_EQW_params_synt,11.0,NaI,2,0,0.089,0.216,0.172,-0.157,-0.049,0.006,-2.771,0.254,0.321,0.182,0.288,0.351
wukong7_160989833_lesspayne_norm_EQW_params_synt,12.0,MgI,4,0,0.028,0.115,0.1,-0.06,-0.01,0.005,-2.632,0.121,0.164,0.321,0.267,0.292
wukong7_160989833_lesspayne_norm_EQW_params_synt,13.0,AlI,1,0,0.0,0.528,0.198,-0.092,-0.057,0.008,-3.65,0.226,0.574,-0.697,0.255,0.588
wukong7_160989833_lesspayne_norm_EQW_params_synt,14.0,SiI,1,0,0.0,0.486,0.299,-0.273,-0.014,0.005,-2.378,0.405,0.633,0.576,0.359,0.605
wukong7_160989833_lesspayne_norm_EQW_params_synt,20.0,CaI,10,0,0.222,0.229,0.112,-0.02,-0.013,0.005,-2.655,0.249,0.256,0.298,0.343,0.35
wukong7_160989833_lesspayne_norm_EQW_params_synt,21.1,ScII,5,0,0.12,0.202,0.047,0.223,-0.024,-0.006,-3.043,0.259,0.306,-0.09,0.409,0.442
wukong7_160989833_lesspayne_norm_EQW_params_synt,22.0,TiI,2,0,0.141,0.227,0.184,-0.021,-0.024,0.006,-2.713,0.234,0.294,0.24,0.288,0.341
wukong7_160989833_lesspayne_norm_EQW_params_synt,22.1,TiII,13,0,0.273,0.283,0.079,0.178,-0.062,0.0,-2.686,0.341,0.349,0.267,0.445,0.453
wukong7_160989833_lesspayne_norm_EQW_params_synt,24.0,CrI,1,0,0.0,0.24,0.175,-0.025,-0.023,0.008,-3.41,0.178,0.299,-0.457,0.251,0.35
wukong7_160989833_lesspayne_norm_EQW_params_synt,25.0,MnI,1,0,0.0,0.338,0.205,-0.002,-0.007,-0.007,-3.868,0.206,0.395,-0.914,0.257,0.426
wukong7_160989833_lesspayne_norm_EQW_params_synt,26.0,FeI,48,0,0.25,0.253,0.182,-0.045,-0.04,0.006,-2.953,0.315,0.317,0.0,0.0,0.0
wukong7_160989833_lesspayne_norm_EQW_params_synt,26.1,FeII,7,0,0.289,0.306,0.023,0.213,-0.019,0.001,-3.006,0.361,0.374,-0.053,0.488,0.5
wukong7_160989833_lesspayne_norm_EQW_params_synt,27.0,CoI,2,0,0.0,0.199,0.185,-0.005,-0.005,-0.003,-3.105,0.185,0.272,-0.152,0.256,0.326
wukong7_160989833_lesspayne_norm_EQW_params_synt,28.0,NiI,1,0,0.0,0.24,0.169,-0.002,-0.019,0.007,-3.147,0.17,0.294,-0.194,0.255,0.352
wukong7_160989833_lesspayne_norm_EQW_params_synt,38.1,SrII,2,0,0.089,0.261,0.138,0.015,-0.089,-0.041,-2.655,0.192,0.311,0.299,0.284,0.377
wukong7_160989833_lesspayne_norm_EQW_params_synt,56.1,BaII,3,0,0.081,0.216,0.109,0.143,-0.067,-0.008,-2.634,0.209,0.289,0.319,0.333,0.39
wukong7_160989833_lesspayne_norm_EQW_params_synt,106.0,C-H,2,0,0.028,0.289,0.33,-0.195,0.005,0.015,-2.683,0.385,0.48,0.27,0.331,0.44
wukong7_160989833_lesspayne_norm_EQW_params_synt,8.0,OI,1,1,,,,,,,0.165,,,3.118,,
wukong7_160989833_lesspayne_norm_EQW_params_synt,23.0,VI,1,1,,,,,,,-2.164,,,0.79,,
wukong7_160989833_lesspayne_norm_EQW_params_synt,39.1,YII,1,1,,,,,,,-1.325,,,1.681,,
wukong7_160989833_lesspayne_norm_EQW_params_synt,40.1,ZrII,1,1,,,,,,,-1.829,,,1.177,,
wukong7_160989833_lesspayne_norm_EQW_params_synt,57.1,LaII,1,1,,,,,,,0.053,,,3.059,,
wukong7_160989833_lesspayne_norm_EQW_params_synt,63.1,EuII,1,1,,,,,,,-1.754,,,1.252,,
wukong7_160989833_lesspayne_norm_EQW_params_synt,607.0,C-N,1,1,,,,,,,-1.547,,,1.406,,
wukong8_161400139_lesspayne_norm_EQW_params_synt,11.0,NaI,2,0,0.016,0.193,0.14,-0.205,-0.034,0.009,-1.775,0.251,0.316,0.225,0.248,0.315
wukong8_161400139_lesspayne_norm_EQW_params_synt,12.0,MgI,6,0,0.096,0.124,0.091,-0.075,-0.015,0.004,-1.735,0.153,0.172,0.264,0.202,0.217
wukong8_161400139_lesspayne_norm_EQW_params_synt,13.0,AlI,1,0,0.0,0.43,0.18,-0.196,-0.058,0.009,-2.679,0.273,0.509,-0.679,0.252,0.498
wukong8_161400139_lesspayne_norm_EQW_params_synt,14.0,SiI,2,0,0.096,0.167,0.065,-0.012,-0.004,0.006,-1.522,0.116,0.18,0.478,0.202,0.244
wukong8_161400139_lesspayne_norm_EQW_params_synt,20.0,CaI,25,0,0.107,0.112,0.075,-0.031,-0.02,-0.001,-1.736,0.136,0.14,0.264,0.204,0.207
wukong8_161400139_lesspayne_norm_EQW_params_synt,21.1,ScII,8,0,0.127,0.168,0.015,0.193,-0.03,0.006,-1.97,0.233,0.258,0.03,0.319,0.338
wukong8_161400139_lesspayne_norm_EQW_params_synt,22.0,TiI,25,0,0.296,0.299,0.119,-0.013,-0.015,-0.006,-1.781,0.32,0.322,0.219,0.342,0.345
wukong8_161400139_lesspayne_norm_EQW_params_synt,22.1,TiII,51,0,0.173,0.176,0.047,0.164,-0.029,0.018,-1.675,0.245,0.247,0.325,0.315,0.317
wukong8_161400139_lesspayne_norm_EQW_params_synt,23.0,VI,2,0,0.043,0.123,0.066,0.07,-0.0,-0.033,-2.135,0.11,0.16,-0.135,0.208,0.239
wukong8_161400139_lesspayne_norm_EQW_params_synt,23.1,VII,2,0,0.075,0.181,0.001,0.18,0.0,0.012,-1.922,0.196,0.256,0.078,0.3,0.342
wukong8_161400139_lesspayne_norm_EQW_params_synt,24.0,CrI,13,0,0.142,0.15,0.116,-0.011,-0.012,-0.006,-2.132,0.184,0.19,-0.132,0.222,0.228
wukong8_161400139_lesspayne_norm_EQW_params_synt,24.1,CrII,5,0,0.162,0.189,-0.006,0.185,-0.007,0.009,-1.916,0.246,0.265,0.084,0.337,0.351
wukong8_161400139_lesspayne_norm_EQW_params_synt,25.0,MnI,6,0,0.051,0.112,0.075,-0.021,-0.004,-0.005,-2.467,0.093,0.137,-0.468,0.182,0.208
wukong8_161400139_lesspayne_norm_EQW_params_synt,26.0,FeI,145,0,0.169,0.17,0.109,-0.027,-0.029,-0.004,-2.0,0.205,0.206,0.0,0.0,0.0
wukong8_161400139_lesspayne_norm_EQW_params_synt,26.1,FeII,22,0,0.142,0.15,0.014,0.177,-0.032,0.018,-1.963,0.23,0.235,0.037,0.316,0.32
wukong8_161400139_lesspayne_norm_EQW_params_synt,27.0,CoI,4,0,0.068,0.123,0.116,-0.002,-0.014,-0.014,-2.012,0.136,0.17,-0.012,0.185,0.212
wukong8_161400139_lesspayne_norm_EQW_params_synt,28.0,NiI,14,0,0.18,0.186,0.088,0.0,-0.012,-0.003,-2.038,0.201,0.206,-0.039,0.25,0.255
wukong8_161400139_lesspayne_norm_EQW_params_synt,30.0,ZnI,2,0,0.107,0.155,0.051,0.09,-0.005,0.005,-2.047,0.149,0.186,-0.047,0.241,0.266
wukong8_161400139_lesspayne_norm_EQW_params_synt,38.1,SrII,2,0,0.174,0.224,0.122,0.011,-0.044,0.029,-1.896,0.219,0.261,0.103,0.249,0.286
wukong8_161400139_lesspayne_norm_EQW_params_synt,39.1,YII,3,0,0.111,0.174,0.037,0.175,-0.006,0.02,-1.985,0.212,0.25,0.015,0.297,0.326
wukong8_161400139_lesspayne_norm_EQW_params_synt,40.1,ZrII,1,0,0.0,0.233,0.039,0.196,-0.007,0.014,-1.735,0.2,0.307,0.265,0.29,0.372
wukong8_161400139_lesspayne_norm_EQW_params_synt,56.1,BaII,4,0,0.076,0.162,0.068,0.136,-0.066,0.022,-1.869,0.184,0.233,0.131,0.254,0.292
wukong8_161400139_lesspayne_norm_EQW_params_synt,57.1,LaII,3,0,0.096,0.167,0.03,0.172,-0.002,0.017,-1.876,0.2,0.242,0.124,0.291,0.322
wukong8_161400139_lesspayne_norm_EQW_params_synt,63.1,EuII,2,0,0.01,0.165,0.048,0.182,-0.006,0.013,-1.436,0.189,0.251,0.564,0.277,0.323
wukong8_161400139_lesspayne_norm_EQW_params_synt,66.1,DyII,2,0,0.027,0.174,0.026,0.175,-0.013,0.019,-1.142,0.18,0.249,0.858,0.279,0.328
wukong8_161400139_lesspayne_norm_EQW_params_synt,106.0,C-H,2,0,0.007,0.196,0.202,-0.14,0.001,0.076,-1.902,0.257,0.323,0.098,0.24,0.31
wukong8_161400139_lesspayne_norm_EQW_params_synt,607.0,C-N,1,0,0.0,0.387,0.219,-0.034,0.005,0.064,-1.654,0.231,0.451,0.346,0.216,0.443
wukong8_161400139_lesspayne_norm_EQW_params_synt,8.0,OI,1,1,,,,,,,-0.174,,,1.826,,
wukong9_163002452_lesspayne_norm_EQW_params_synt,11.0,NaI,2,0,0.059,0.215,0.154,-0.221,-0.032,-0.005,-1.789,0.278,0.346,0.257,0.258,0.331
wukong9_163002452_lesspayne_norm_EQW_params_synt,12.0,MgI,4,0,0.091,0.129,0.089,-0.068,-0.023,-0.002,-1.632,0.147,0.172,0.415,0.193,0.214
wukong9_163002452_lesspayne_norm_EQW_params_synt,13.0,AlI,1,0,0.0,0.451,0.179,-0.268,-0.033,0.031,-2.288,0.325,0.556,-0.242,0.294,0.539
wukong9_163002452_lesspayne_norm_EQW_params_synt,14.0,SiI,4,0,0.171,0.193,0.067,-0.026,-0.017,0.003,-1.38,0.186,0.207,0.666,0.243,0.26
wukong9_163002452_lesspayne_norm_EQW_params_synt,19.0,KI,2,0,0.026,0.129,0.103,-0.079,-0.044,-0.018,-1.163,0.141,0.189,0.883,0.174,0.216
wukong9_163002452_lesspayne_norm_EQW_params_synt,20.0,CaI,23,0,0.113,0.117,0.08,-0.047,-0.026,-0.003,-1.637,0.148,0.152,0.41,0.203,0.206
wukong9_163002452_lesspayne_norm_EQW_params_synt,21.1,ScII,8,0,0.235,0.261,0.007,0.184,-0.051,0.013,-1.796,0.303,0.324,0.25,0.378,0.395
wukong9_163002452_lesspayne_norm_EQW_params_synt,22.0,TiI,42,0,0.264,0.265,0.127,-0.026,-0.018,0.001,-1.696,0.294,0.296,0.351,0.312,0.314
wukong9_163002452_lesspayne_norm_EQW_params_synt,22.1,TiII,52,0,0.157,0.16,0.048,0.169,-0.034,0.032,-1.614,0.24,0.242,0.432,0.315,0.317
wukong9_163002452_lesspayne_norm_EQW_params_synt,23.0,VI,2,0,0.053,0.119,0.048,0.049,-0.004,-0.036,-2.045,0.094,0.142,0.002,0.208,0.235
wukong9_163002452_lesspayne_norm_EQW_params_synt,23.1,VII,2,0,0.148,0.224,0.0,0.188,-0.001,0.017,-1.926,0.24,0.293,0.12,0.338,0.377
wukong9_163002452_lesspayne_norm_EQW_params_synt,24.0,CrI,16,0,0.084,0.096,0.126,-0.027,-0.019,-0.0,-2.082,0.155,0.162,-0.036,0.186,0.193
wukong9_163002452_lesspayne_norm_EQW_params_synt,24.1,CrII,4,0,0.044,0.118,-0.008,0.185,-0.01,0.022,-2.003,0.192,0.221,0.043,0.306,0.326
wukong9_163002452_lesspayne_norm_EQW_params_synt,25.0,MnI,6,0,0.065,0.116,0.086,-0.031,-0.005,-0.004,-2.463,0.112,0.148,-0.417,0.182,0.206
wukong9_163002452_lesspayne_norm_EQW_params_synt,26.0,FeI,134,0,0.165,0.166,0.114,-0.036,-0.033,-0.003,-2.046,0.206,0.207,0.0,0.0,0.0
wukong9_163002452_lesspayne_norm_EQW_params_synt,26.1,FeII,25,0,0.145,0.152,0.011,0.18,-0.028,0.029,-1.995,0.234,0.239,0.051,0.326,0.33
wukong9_163002452_lesspayne_norm_EQW_params_synt,27.0,CoI,4,0,0.282,0.297,0.091,-0.0,-0.002,0.002,-1.894,0.296,0.311,0.152,0.33,0.344
wukong9_163002452_lesspayne_norm_EQW_params_synt,28.0,NiI,20,0,0.134,0.139,0.099,-0.006,-0.012,0.004,-2.012,0.167,0.171,0.034,0.216,0.22
wukong9_163002452_lesspayne_norm_EQW_params_synt,30.0,ZnI,2,0,0.063,0.131,0.043,0.105,-0.01,0.02,-1.94,0.132,0.175,0.106,0.239,0.266
wukong9_163002452_lesspayne_norm_EQW_params_synt,38.1,SrII,1,0,0.0,0.159,0.081,-0.043,-0.04,0.033,-1.746,0.105,0.191,0.3,0.172,0.235
wukong9_163002452_lesspayne_norm_EQW_params_synt,39.1,YII,3,0,0.019,0.142,0.038,0.19,-0.015,0.037,-1.987,0.198,0.244,0.059,0.294,0.326
wukong9_163002452_lesspayne_norm_EQW_params_synt,40.1,ZrII,1,0,0.0,0.272,-0.005,0.238,-0.017,0.01,-1.639,0.239,0.362,0.407,0.342,0.437
wukong9_163002452_lesspayne_norm_EQW_params_synt,56.1,BaII,4,0,0.067,0.152,0.08,0.103,-0.055,0.021,-1.797,0.158,0.209,0.249,0.231,0.269
wukong9_163002452_lesspayne_norm_EQW_params_synt,57.1,LaII,6,0,0.049,0.111,0.065,0.173,-0.002,0.043,-1.647,0.196,0.22,0.399,0.281,0.298
wukong9_163002452_lesspayne_norm_EQW_params_synt,63.1,EuII,3,0,0.01,0.148,0.084,0.176,-0.002,0.037,-1.501,0.198,0.248,0.545,0.275,0.313
wukong9_163002452_lesspayne_norm_EQW_params_synt,66.1,DyII,1,0,0.0,0.297,0.0,0.212,-0.023,-0.022,-1.102,0.215,0.366,0.944,0.32,0.437
wukong9_163002452_lesspayne_norm_EQW_params_synt,106.0,C-H,2,0,0.003,0.21,0.228,-0.124,0.007,0.099,-2.099,0.278,0.348,-0.052,0.245,0.323
wukong9_163002452_lesspayne_norm_EQW_params_synt,607.0,C-N,1,0,0.0,0.405,0.249,-0.046,0.004,0.085,-1.938,0.267,0.485,0.108,0.234,0.468
wukong9_163002452_lesspayne_norm_EQW_params_synt,8.0,OI,1,1,,,,,,,-0.34,,,1.706,,
